<?xml version="1.0" encoding="UTF-8" standalone="yes"?>
<addon id="service.lastship.watchdog" name="Lastship Watchdog" version="1.0" provider-name="Lastship">
	<requires>
		<import addon="xbmc.python" version="2.24.0"/>
	</requires>
	<extension point="xbmc.service"
				 library="default.py" start="[login|startup]" />
	<extension point="xbmc.addon.metadata">
		<platform>all</platform>
		<summary lang="en_GB">Lastship Watchdog - he's watching while You sleep</summary>
		<summary lang="de_DE">Lastship Watchdog - er passt auf, während Du schläfst</summary>
		<summary lang="uk_UA">Lastship Watchdog - він чатує, поки Ви спите</summary>
		<description lang="en_GB">This Idle Timer management performs defined actions after an adjusted amount of inactivity time. Those actions are stop playing Audio, Video or TV for example or some actions to execute shutdown variations like suspend, reboot poweroff or hibernate.</description>
		<description lang="de_DE">Dieser Timer führt vorher definierte Aktionen nach einer einstellbaren Inaktivitätszeit aus. Die Aktionen können zum Beispiel das Stoppen von Audio, Video oder TV-Streams sein, aber auch das Herunterfahren des Systems in verschiedenen Modi (Suspend, Reboot, PowerOff, Bereitschaft) wird angeboten.</description>
		<description lang="uk_UA">Цей Таймер Простою виконує задані дії, після встановленого часу неактивності. Наприклад, зупиняє відтворення Аудіо, Відео, TV-Потоків чи інші дії (як Призупинення, Вимкнення, Перезавантаження або Гібернація) до Системи.</description>
		<disclaimer lang="uk_UA">Використовуйте на власний Ризик. Ця Служба, може вступати в конфлікт з іншими сервісами (н.д. Запису).</disclaimer>
		<disclaimer lang="de_DE">Benutzung auf eigene Gefahr. Dieser Dienst könnte mit anderen Diensten (z.B. Aufnahmedienste) kollidieren.</disclaimer>
		<disclaimer lang="en_GB">Use at your own risk. This service could conflict to other services (e.g recording services).</disclaimer>
		<license>GNU GENERAL PUBLIC LICENSE. Version 3, June 2007</license>
		<forum>http://lastship.square7.ch/forum/</forum>
		<website></website>
		<email></email>
		<news>Rebranded, new addon ID
Credits to [I]Birger Jesch[/I] for [B]Sleepy Watchdog[/B]

Can now be used to look for new episodes 
and update the Lastship TV library</news>
	</extension>
</addon>
